A,B,C,D
2000-01-01,0.38362429585426655,0.4291005753401299,0.7438077597842614,1.5776228801795242
2000-01-02,-0.609679809994903,0.45315120505814793,1.48318939526232,0.8654321489578635
2000-01-03,-0.6524628257373846,0.11693988094965574,2.3000367864761366,-0.4060622766842653
2000-01-04,-1.804127695741363,0.7035217971057126,1.8023379617704967,-0.6945567034359952
2000-01-05,-3.5477746713362084,0.9476401657459609,1.7201233062487231,-0.9525023567591906
2000-01-06,-1.6152622079058605,-1.2803816121519827,2.5212513777993424,-0.4623563219746585
2000-01-07,-0.6284247261179815,0.04824769679500718,0.6381417401278886,0.9470105980066215
2000-01-08,-0.2790110558585027,-0.272392857416305,0.6476622567234844,0.44387945044674393
2000-01-09,0.1865531939970813,0.43560539006961124,-0.347047703350013,3.1404446714737237
2000-01-10,0.5724597102881108,1.0865613615495249,-0.6030791937031283,2.8942148848700437
2000-01-11,2.2649947248561686,1.3423654460445198,-1.0417811093844518,3.1899977285210706
2000-01-12,2.1205916775737457,-0.6395538115993589,-0.17323562380327018,4.875671536158136
2000-01-13,3.5522122132087226,1.8074467568122203,-1.2895680868293458,5.607555809370232
2000-01-14,3.8085092287139184,1.1962952029262248,-2.3851015557763215,4.8824597760445805
2000-01-15,2.3773176392040067,2.1949749177238633,-1.4808901534411574,4.097833896570931
2000-01-16,1.7132593181367046,2.79339313245489,-0.551189332594607,4.38012635543549
2000-01-17,2.524706518690297,2.9281869743195745,-1.3982986052353121,5.8881650070342095
2000-01-18,2.3895299126877982,3.997584747914602,-0.6317728512185499,5.354610413219234
2000-01-19,2.832260273910736,5.418778634906351,-1.6390695053581699,4.885137896365009
2000-01-20,2.3289261387253952,5.100443891366863,-2.1584659935583295,5.018106608053256
2000-01-21,0.366871412829751,4.5904151067925785,-1.5193575550767806,5.449271248638378
2000-01-22,-0.2802854408690776,3.7556006886568514,-2.295551018748389,5.523904420064962
2000-01-23,-1.0603299120983771,5.402200977758004,-4.663343616272854,5.169533757765366
2000-01-24,-1.720416772372527,4.843243841283098,-5.198846368834122,4.758621421859449
2000-01-25,-3.4471108451972965,4.490989914125531,-5.296464643267864,4.062642280718949
2000-01-26,-3.3955147640417898,4.765684970067284,-4.203107113967732,3.41416049852442
2000-01-27,-5.754010031214698,4.628934862045691,-3.747633071965156,4.0199663142457815
2000-01-28,-6.006103716029331,3.583649667035402,-5.327143478217402,4.47258215203585
2000-01-29,-5.0912629412298696,3.997811067247948,-4.2845895899291815,3.4289841584699365
2000-01-30,-5.312360850132557,3.3165317017345153,-5.371676664434063,2.3728595613164805
2000-01-31,-4.779164952746854,4.350974890345994,-4.574078488094773,3.3660315178573876
2000-02-01,-4.079655969554495,2.9914825634480025,-5.657105119494789,3.2240586374339864
2000-02-02,-3.738019071187205,3.8239157855059105,-4.3976418643485475,1.5248301211528748
2000-02-03,-2.912808848566206,4.843278119861965,-3.748094828414879,2.5690930978005464
2000-02-04,-2.4321498474827976,4.553693649785689,-2.728020338870275,3.327472704086293
2000-02-05,-2.9443182359185847,4.579277082647833,-1.7260997093441002,1.348998515945182
2000-02-06,-1.930357939930047,5.101098774286914,-1.903088514551655,2.623085688000417
2000-02-07,-1.0565560540060348,5.438219676483668,-1.4739475087691476,3.3373596227142026
2000-02-08,-1.5894758640838345,7.245846936911232,-1.3383494915763197,3.64689753495448
2000-02-09,-1.28013608431548,6.851296206573111,-2.839092878295033,1.4868607201030986
2000-02-10,-1.280454587786302,6.588112673290029,-3.6951826001924446,-0.027002471705000808
2000-02-11,-1.9256417481046104,8.182173825976857,-3.4731211389351886,-1.5830740062221231
2000-02-12,-1.5232464556550844,7.292386952978424,-2.991431869556003,-0.9939861148118487
2000-02-13,-0.13480931700533083,9.23406146636896,-2.7320773388672266,-0.09230221587480225
2000-02-14,0.15435363963401927,8.57986998412401,-1.9390847749518079,0.5837359585849565
2000-02-15,-0.4778346009465919,8.976470150333133,-1.958461144883902,-0.4371029087144399
2000-02-16,-1.1440458569857284,8.035345121725404,-3.4818738481466394,-0.8907509167869471
2000-02-17,-1.2060558514834852,8.153059851124729,-1.9200116300963148,-1.2089205962479344
2000-02-18,-1.1612430321783775,6.459242326679539,-1.729482714447044,-3.2615352606670696
2000-02-19,-0.7631872913380057,8.032436168913902,-2.3328863213845326,-3.792200183833735
2000-02-20,0.8183283685182737,8.183389184614535,-3.296132870550082,-3.750723919118909
2000-02-21,0.6492145881870496,8.564671989913277,-3.9408626080500766,-3.982355322715732
2000-02-22,0.06705993226065265,7.356125895277277,-4.9635389204396265,-4.632477065788399
2000-02-23,0.8041998959201418,5.852228738917556,-6.065794187061797,-6.046590294932824
2000-02-24,0.8870153390036575,4.799180355858281,-5.7697974460311805,-6.262094378196356
2000-02-25,1.762631869945689,4.922959225691321,-5.602036336393565,-5.925001291073066
2000-02-26,1.9382019904600218,5.35873308908822,-6.274638992969553,-5.210311365891327
2000-02-27,2.494760817718192,3.643998755548769,-4.004493635103037,-5.923860911020754
2000-02-28,1.6785015798584721,2.227819980793483,-3.3513635240424113,-7.614598920318632
2000-02-29,0.09445149313204926,1.7410888228388068,-3.522042846217696,-6.797904133013028
2000-03-01,-1.8811442951266035,0.8627309275071116,-3.6037787914728776,-6.283657307884619
2000-03-02,-0.7953899638584077,1.052129960396071,-3.7719797447046943,-6.478985075367005
2000-03-03,-1.0136280207671848,0.4738875641574858,-4.2932576972697145,-7.105845960100953
2000-03-04,-1.314289214104503,0.1852000336277414,-5.3269644319707545,-7.743276134890713
2000-03-05,-0.38565559616367795,0.21641144265876405,-3.6653666379738437,-7.995330820493506
2000-03-06,-1.9297076458849864,0.9013311755278164,-4.93672277285768,-7.033908478067291
2000-03-07,-1.013419213863089,1.1087411048927511,-4.7886699595802,-7.287124678060862
2000-03-08,-1.4587721478929905,-0.004727896454248759,-3.8138661915590415,-7.648319691290987
2000-03-09,-0.5975082465530874,-1.612387112433792,-3.115283456751902,-8.729521033863577
2000-03-10,0.7716588133653235,-0.20874191677544762,-0.8628653812822487,-9.181958833773795
2000-03-11,0.38272024775797614,-0.09224174863995104,-0.9498622586949229,-9.325336039158021
2000-03-12,-0.5762653878550881,0.1376858230917768,-0.38800195232684576,-9.707513955340277
2000-03-13,0.32353807023858894,0.46652645991505653,-1.8613911259733396,-10.860786192970867
2000-03-14,0.7126034944757329,-1.4346705137381073,-1.359494024045357,-10.882776779477178
2000-03-15,1.2741564401817855,-0.9674263637138912,0.6648327350490368,-11.288276978879118
2000-03-16,0.3161519198734817,-0.6927833094013489,-0.9742407651195177,-10.569502231223755
2000-03-17,0.6380367627875169,-0.5802476999254809,-1.796655989177686,-10.627630649824718
2000-03-18,2.229752849741575,0.2817602713009698,-3.3673627737475202,-10.63985263900177
2000-03-19,2.583208762342006,-0.7474915280336917,-3.574866779439878,-11.828137291364412
2000-03-20,3.6773392519255053,-0.6984763779311043,-3.9078501450135,-10.235843186107273
2000-03-21,3.5794767248850774,0.48420764671791017,-4.723068319882112,-10.85470129896453
2000-03-22,4.844596770754161,0.6326243758234289,-5.038518269642096,-9.524422674485656
2000-03-23,3.71579660789024,-0.0487914884058388,-4.171493170461224,-9.730691850204025
2000-03-24,5.251693155122021,0.21449355359096606,-2.2059641264757444,-8.90553270411188
2000-03-25,3.0179438617744996,1.0858034293821013,-0.8745575613684491,-9.17091804764307
2000-03-26,1.6542094607366498,1.473378123028732,-1.5299184120748892,-10.381570651068559
2000-03-27,4.178012676989841,1.5539962379552843,-4.093394621259343,-10.232121715615893
2000-03-28,5.421746165502213,-0.6894137189393998,-5.458421269675874,-8.957106995980865
2000-03-29,4.061133123231371,-0.3732135955134486,-5.769953350048939,-10.014956935124705
2000-03-30,4.058552210033781,1.6310444546839076,-5.959200351219814,-11.359524373053741
2000-03-31,3.8018807404593886,2.0322322021011106,-8.163922438436755,-10.538032645243957
2000-04-01,3.974657039800817,3.6919788867820458,-9.851755666473041,-11.647408344267728
2000-04-02,4.669800696533807,2.505647655223574,-10.18456501475511,-10.447735755937117
2000-04-03,5.518565964715554,1.5480844865295031,-8.627583776022758,-9.583823839003522
2000-04-04,3.7388353532303498,1.8941480572857659,-8.739918048815596,-8.89689001221618
2000-04-05,3.5449891409522976,4.178980987082294,-7.170156072950123,-7.704352953417959
2000-04-06,2.453232569560825,3.9506690462444216,-7.3626256217794745,-8.12168020022667
2000-04-07,0.678062518874246,4.446685680323931,-8.335508876372339,-7.930467438467019
2000-04-08,1.4473539439228507,2.3965965680013572,-9.326413507600893,-8.075582758190263
2000-04-09,1.5680564691084524,2.4710210262153627,-9.826175914989829,-7.117023103121903
2000-04-10,1.6832922190324593,2.6433363155719203,-9.321140165101435,-5.391301028599331
2000-04-11,2.164480295713422,3.352287112325105,-10.036277552601923,-5.158674549952647
2000-04-12,3.181281962190842,3.262696354100975,-11.61811203060302,-7.1186904971368685
2000-04-13,4.351941530469648,3.103376438030675,-10.102600530280203,-7.323200013671741
2000-04-14,3.8148737459038564,2.679539387311049,-9.82584891324666,-5.1550507718625855
2000-04-15,3.3966733976528554,3.6128590741961863,-10.055188118755739,-4.327940857848888
2000-04-16,4.667009560083149,3.786798387667238,-10.18942047538331,-4.8273669929861684
2000-04-17,3.8137495315491616,2.895452662661374,-10.865316017524384,-5.218904942911548
2000-04-18,3.373073110005542,2.5867434015605317,-11.56819620627325,-5.157227173710162
2000-04-19,0.6111260726274095,3.645974617561651,-10.12118127258525,-6.560660051679877
2000-04-20,2.326271091521206,2.262905074561664,-12.117963646528478,-7.522522919075618
2000-04-21,0.8131832994141794,3.597544114831792,-13.741291340889605,-7.7957038367781655
2000-04-22,1.5089083212928056,4.750191965528248,-12.85007698521238,-8.850189115467279
2000-04-23,1.1141493225643035,5.736588153634688,-12.508607064541485,-7.196880709876632
2000-04-24,2.3647778993304245,5.646419417319926,-14.755998732983596,-7.38118740383816
2000-04-25,1.5706040836804023,4.983341551139269,-16.03334547268107,-7.932205367301819
2000-04-26,-0.5263485813757833,6.0269072497057525,-16.660718458703762,-6.834361208317643
2000-04-27,-1.870491425151559,5.240465922606644,-16.79287149963547,-6.157839934969916
2000-04-28,-1.6488289671081149,4.5468071554101765,-16.73496150059315,-6.706846295653444
2000-04-29,-1.5932602484388554,6.435072078230601,-16.98375181952895,-6.137551174877777
2000-04-30,-2.00198348233602,5.805933401048066,-15.994513534001301,-6.638612778492008
2000-05-01,-2.842772155524929,6.558559868309464,-13.921121049790752,-6.515621111502891
2000-05-02,-3.0933537210965927,6.553187443344625,-14.593353106412254,-6.101286660109334
2000-05-03,-4.163124930838805,6.589206513565839,-13.67986460527881,-6.4806491451964705
2000-05-04,-2.998660386130295,6.078864438791425,-12.286231157391153,-6.511736068492228
2000-05-05,-2.2285108414364765,4.119941875275459,-11.89322474247802,-5.940870194767356
2000-05-06,-0.9799637753009238,3.5887343808189085,-11.848694756777778,-4.3656304730403415
2000-05-07,-0.8787534795090163,1.7472423702122521,-12.660281533126355,-5.099530928291475
2000-05-08,0.014363271028400737,0.09793381030639181,-13.371919293232379,-5.139641538353467
2000-05-09,0.21420360879959097,0.004409733846231514,-12.956472882469157,-3.3680455165247754
2000-05-10,-0.16202926279303295,0.23487072597076014,-12.119841146589835,-3.7203682813074157
2000-05-11,-0.1915356129793876,2.9056462424318727,-12.45469475038157,-4.057496815272964
2000-05-12,-0.49936642254205127,2.2455325779672197,-13.63080730303082,-4.189197604262494
2000-05-13,0.2075215895684998,3.3795491740842154,-13.737755429112774,-4.596444306918484
2000-05-14,-1.5277630106379627,1.831836201884512,-13.322839717899427,-5.269513771559662
2000-05-15,-1.6389477490520443,1.9653516044805197,-13.014673560209152,-4.5816516526076265
2000-05-16,-1.7049660183507476,1.5440720223246602,-13.653081904558919,-4.488123395420746
2000-05-17,-3.3497621947031373,2.5051720443173924,-13.2332968541425,-5.400530487518922
2000-05-18,-5.650328310040944,1.0524102211793185,-12.335192226423825,-4.074763719492788
2000-05-19,-7.047170606961351,1.3206480193274337,-11.494088406703982,-4.917771955170933
2000-05-20,-6.432910591338395,2.1386971329140914,-10.497730197658356,-6.242357564701413
2000-05-21,-8.064898544123709,0.6633499584304177,-9.004975416315103,-5.750595123763444
2000-05-22,-6.206807181385407,0.5418891259971255,-8.864946701393166,-5.6632260359207836
2000-05-23,-6.232691956922723,1.805608593231333,-9.078961916041656,-4.022990669724005
2000-05-24,-4.518245212039437,1.6248456056088236,-8.13856982059949,-5.032854278506646
2000-05-25,-3.508285830545642,3.2305396551752654,-7.679621482550504,-6.545164608151617
2000-05-26,-3.381901727867975,2.57438983435453,-6.928959488408946,-7.821176779523036
2000-05-27,-5.150329248314748,2.276411489941801,-5.64492864194391,-8.057780107157189
2000-05-28,-6.603311882343693,2.450777468123528,-5.718288913387457,-9.210576444213551
2000-05-29,-7.001861647597181,2.3648694869180074,-5.230240462107089,-12.041029394192687
2000-05-30,-8.040745807954835,3.11532258145908,-4.790062917186721,-11.398201121508004
2000-05-31,-7.6673672494952765,1.2785953516609387,-3.1676205347197275,-11.769323950576597
2000-06-01,-6.648819955165473,0.6585784403582793,-2.5658050358275024,-12.098506460658712
2000-06-02,-7.183434720820482,1.9135461645224057,-1.1981068455697,-12.696221849315675
2000-06-03,-6.6387465125858816,0.8205398723011046,-0.2601473850574064,-11.604959054801547
2000-06-04,-6.28951502062224,1.3647882241590588,0.8087897327037264,-10.894095612936226
2000-06-05,-6.334114583867095,1.3583672064972416,-1.1058025608886197,-10.36418758246397
2000-06-06,-5.925308828811913,1.062908971872142,-1.4119341412181639,-11.929592146982895
2000-06-07,-5.471000783447355,3.1622927692843628,-1.399814461823549,-10.638275176429659
2000-06-08,-6.591300797754624,3.3995308748422257,-0.7429658189048365,-11.052092866658327
2000-06-09,-5.8076669822931235,2.544941848733041,-0.8667009240354734,-11.539543189929024
2000-06-10,-4.667804822912543,2.112055180093841,-1.69576892118469,-10.86013077545977
2000-06-11,-1.9197394504990895,1.565164311914652,-4.288272200611951,-9.041744387349407
2000-06-12,-2.6441865147318313,3.825110317964854,-2.0117056244277784,-8.07639363794153
2000-06-13,-2.0348293546699887,2.5961548743676532,-1.243552692445658,-7.608400638915495
2000-06-14,-0.8080208274402736,1.3173207697420053,-2.046724962894772,-9.554141269587618
2000-06-15,-0.5592622602768377,2.4162061674336455,-2.439889024357653,-11.431218998069472
2000-06-16,0.9188816086538959,2.5034372315962323,-1.2942478541968294,-9.786890729710132
2000-06-17,-0.026632770910576475,1.919429205003134,-3.024003005250141,-9.400135459018221
2000-06-18,1.236394432066995,1.489878781050937,-1.5847410124543033,-8.730900893943332
2000-06-19,0.04529717796638555,2.665299177136503,-2.1036565879338878,-8.172081506896173
2000-06-20,-1.1133522503591393,3.721181987342254,-1.0519273637208981,-9.737735439384544
2000-06-21,-3.9066519930265864,2.972776692971396,-1.3594873185744891,-11.045786834226575
2000-06-22,-4.383161696120172,1.4441811915058729,-0.7573876379096318,-9.722367884090197
2000-06-23,-5.093316533834215,3.225663654346352,1.093879562859806,-10.003508315110075
2000-06-24,-6.559165636295592,2.0733567669558273,1.343192393466451,-10.824381429037025
2000-06-25,-5.765119741798374,2.8865835505517112,1.0805964080224875,-10.93604765492168
2000-06-26,-5.472700870690745,2.243081592087427,1.2943566501209816,-10.957024149331543
2000-06-27,-5.98217666895409,1.4624985458924435,2.041234008547833,-10.560448439289766
2000-06-28,-7.093333152185204,2.0545947567789162,1.6749289637133862,-12.16586213272368
2000-06-29,-5.506271095394315,2.5288862032032973,1.764842217573308,-12.15649834060027
2000-06-30,-5.513756535766489,3.5703528631631145,2.4226239686549995,-11.604216878969794
2000-07-01,-5.302088865868104,3.213100295023133,1.9613854163988198,-12.24244298491431
2000-07-02,-6.033040070691468,3.0450971602823196,0.9287987253760581,-11.656941856100884
2000-07-03,-5.2190372239286935,3.369185355442476,0.4330808654361259,-12.859800452675165
2000-07-04,-5.508657491887574,3.5383404181637106,0.11891542369252261,-11.624962170128411
2000-07-05,-3.8760541339104337,2.9681886648781513,1.2719312553108004,-11.644130076163982
2000-07-06,-4.844219946975377,5.24985786299208,1.0097483433437937,-11.189248838751052
2000-07-07,-5.80218890574362,4.598207941908267,1.914826005285493,-12.636760647979763
2000-07-08,-6.482794010763998,4.466135077433494,1.1589728223774003,-12.841597051527861
2000-07-09,-7.348925616700838,2.6151484648956025,-0.8256346645395645,-14.105051570147802
2000-07-10,-7.316189168363851,1.0177925949856619,-0.9738854310027042,-16.347671684606436
2000-07-11,-8.730226943254165,1.118360706587721,-1.0176003390314161,-15.87502515699678
2000-07-12,-10.637694710989877,0.5345847573624338,-0.7705063750717904,-14.411995460284224
2000-07-13,-10.823865340767936,0.7303062013745022,-1.3122730328559449,-14.376337263050146
2000-07-14,-11.294892242469764,-0.8725632340034096,-1.5219418546975514,-13.661456928844505
2000-07-15,-12.505613978434631,-0.5264465752683848,-0.995714147672858,-12.767106722044092
2000-07-16,-13.349154971616084,0.6361200420096226,-1.0912537317271997,-11.7643792445494
2000-07-17,-12.012731102070038,-0.3947906647963847,-1.6640057897969731,-11.8025053258398
2000-07-18,-11.796876385912746,0.3597341992438875,-0.9391140891505343,-12.226004803602248
2000-07-19,-12.993870733745068,1.8754251774305803,-2.5820438457412695,-12.051906544682552
2000-07-20,-12.44715666245516,1.2614292354734484,-3.0737364967990737,-10.84770197691789
2000-07-21,-13.50805221184902,-0.6831144382787822,-3.0406571383977923,-10.566341923198351
2000-07-22,-13.628288331681329,-0.2986609817224184,-2.745204254532684,-11.049311976149669
2000-07-23,-15.769910918203951,0.11110770310813395,-1.9094157837621355,-10.843939059496428
2000-07-24,-15.219824831360206,1.0379658731280563,-0.29092733323523534,-9.642000890964127
2000-07-25,-15.569974317308663,1.949414336821496,0.217894179256932,-9.649479075009905
2000-07-26,-15.992011309847104,2.130597503047153,0.42384241376197745,-10.001388260742294
2000-07-27,-16.65602046317375,2.0393255911788355,-0.3309890799810106,-9.028586417959435
2000-07-28,-16.726175438572668,1.2282871175510135,0.47063529236527185,-8.337625027041318
2000-07-29,-14.636591006308954,0.3955796514300368,0.5089356538950637,-8.954372572368326
2000-07-30,-13.98060638923463,1.0809505295260036,-1.4578607751262616,-7.887035122878068
2000-07-31,-14.806841415770338,1.574898492463429,-1.8141277884020877,-7.61335809037989
2000-08-01,-14.86433668770607,-0.20856350886638686,-0.2642164756924519,-7.608649791431108
2000-08-02,-14.460626802854652,-0.13055051962060332,-1.0760899048334323,-8.909174797763278
2000-08-03,-12.977962945709796,-0.3846228340161582,-0.6275208757407338,-8.423852085382482
2000-08-04,-12.933185066611829,-0.05604530112987388,-2.115935017716663,-7.978191708786181
2000-08-05,-12.490429825461913,-2.0453301989949044,-0.622297261995677,-6.568681140561592
2000-08-06,-13.157919567562644,-1.0095321047594403,-3.4017468076706745,-6.404456690686175
2000-08-07,-12.616877886083477,-1.2996077402491548,-3.6844283958442157,-6.947639933359319
2000-08-08,-13.091329715615558,0.38467019602682484,-3.5327131741925264,-6.922328796972897
2000-08-09,-13.205749920047534,1.6015894290602415,-2.3585691682653365,-4.788781606464575
2000-08-10,-12.898468709091054,4.10156344511307,-0.7830284668722849,-5.793839680082554
2000-08-11,-13.032597524272054,5.812253948084475,-0.14021218984338413,-5.09519167369597
2000-08-12,-12.299811199593224,5.092977938924059,-1.5422791315454052,-4.523172967490129
2000-08-13,-13.526548812912841,4.885716758196892,-0.8429183217618607,-5.7501041843840754
2000-08-14,-14.579467768956826,5.539372090615663,0.3503251297496509,-6.430398108053116
2000-08-15,-16.952749137373864,4.098346518327806,0.6368673311702386,-6.28902228139247
2000-08-16,-16.294008795678337,2.990607910543225,-0.2705732413792512,-7.544053180010025
2000-08-17,-16.638156614156966,1.8974662280439611,-0.7366988853342105,-6.924164973188574
2000-08-18,-17.566973411296186,0.5707416131601317,0.840154820352335,-6.4155564951675785
2000-08-19,-18.627027246503513,1.4262230755257734,1.5935563784123454,-7.887109197675278
2000-08-20,-19.856861025998835,0.9820379471571301,-0.642601868036456,-7.745641364373244
2000-08-21,-19.24702045403091,0.8087690675823747,-1.5844558399588164,-6.222592487544401
2000-08-22,-18.27549402467724,0.6484984079138535,-1.3872091433298466,-5.092169275144419
2000-08-23,-16.967728237840113,0.6277326373127693,-2.403999467777494,-4.899643354850621
2000-08-24,-16.475237614506895,1.5764494285513508,-4.183548321801882,-5.091900708871791
2000-08-25,-18.870332737202915,0.9857871165448987,-4.625654186059111,-5.451843072518594
2000-08-26,-17.907791907736367,1.132379139042334,-4.441215094019429,-7.171428146403265
2000-08-27,-17.68685066502448,1.0199454073600822,-5.693649228447219,-7.202530390783471
2000-08-28,-17.092936996284227,0.5390202196777802,-6.819670422337634,-7.559399736698072
2000-08-29,-17.294075633680322,1.7580229146294055,-6.986512034897812,-7.177220751673748
2000-08-30,-16.996741331465792,1.3853178663896375,-6.446026820969663,-7.793569507491991
2000-08-31,-16.649397231606507,0.5034550033393854,-6.472788913864887,-7.257396408407271
2000-09-01,-17.949708559997653,1.8693627558539732,-7.007586242767699,-8.82792000985513
2000-09-02,-18.336899508708644,2.07753603242682,-7.593591223799754,-7.367553363617492
2000-09-03,-20.225324334923602,1.4403527527052988,-9.58852709611419,-7.703596565505334
2000-09-04,-18.340530938702845,0.2633837421809726,-10.833804884531204,-7.059917998128661
2000-09-05,-16.81188124396877,-0.5185055185370717,-12.005495825525356,-6.970337302929903
2000-09-06,-15.653453766521917,-0.37618810849745693,-12.608643392369421,-6.370642369212493
2000-09-07,-15.347620634842036,-0.6052160259462573,-13.574904776587713,-6.721314037754906
2000-09-08,-17.23754459158982,0.7819952232836445,-14.652664868625699,-6.069020791568716
2000-09-09,-17.192012635502643,0.3980987136111161,-15.53251583775674,-6.355555354325781
2000-09-10,-16.79761617312615,0.32921810637272314,-15.132673676950674,-4.935889926300369
2000-09-11,-16.922691709368397,2.0452682839198846,-15.465847309677025,-3.5237848911091665
2000-09-12,-18.679062933105907,1.174747253095195,-15.296160190905706,-2.964735656483063
2000-09-13,-20.42021958824858,-0.27793302158918554,-13.605713779888255,-2.868126264453789
2000-09-14,-20.440984886289954,-0.18470391366881453,-12.256364261210535,-2.1041244464076696
2000-09-15,-18.56045693533287,0.6642819284674891,-12.504467815148777,-3.1398885251367963
2000-09-16,-17.3469945469089,1.6385714613161761,-11.611218830422859,-2.8965871803825425
2000-09-17,-17.00502039470129,1.2890093431510634,-12.814357698720759,-2.987528795534287
2000-09-18,-18.00646095939422,1.681691534154077,-14.36141049467299,-1.33521307107587
2000-09-19,-17.97217843827454,2.0076061768031814,-16.32250856358293,-1.1476113622371935
2000-09-20,-19.073858663499784,1.234458849018309,-15.686953556246953,-1.8504286877812162
2000-09-21,-19.17293375706391,3.2373394084752443,-16.107966033135767,-0.9873676008905554
2000-09-22,-18.310417064853304,3.0393272320735174,-14.670174742809992,-1.7432802325805554
2000-09-23,-16.88056533343441,3.5914092638649513,-13.282013548753438,-0.8411133847038338
2000-09-24,-18.796420380271954,3.8423176174818563,-12.335383973183191,-0.9264636489182047
2000-09-25,-19.395496728699747,3.325576799293057,-12.330676877183109,-1.2984878590723352
2000-09-26,-20.190696165610415,3.0851657931456926,-12.078881187490495,-1.6905853965278894
2000-09-27,-19.51594938370294,2.575684822761306,-12.039304730135116,-2.311823403588882
2000-09-28,-20.48042002765963,1.2406649818605298,-14.517132727109825,-2.18157311462867
2000-09-29,-22.17472365191206,2.1431650511522498,-13.548916659769525,-2.9958797088219997
2000-09-30,-21.73923503724144,4.977089842866786,-12.657988068913749,-2.5900346180049123
2000-10-01,-20.59412628625544,3.253835678602729,-11.224097697622817,-2.445007029686577
2000-10-02,-21.284623456326916,3.190626544989343,-12.344726722775137,-0.25966978894866566
2000-10-03,-20.976857992396187,3.8096511679884393,-14.950298051298795,0.6753179178665555
2000-10-04,-21.85773894740353,2.780576299781277,-16.942551116733274,0.041661442474348775
2000-10-05,-20.38035359796423,4.727346725947355,-16.738025339514206,0.9238523650340377
2000-10-06,-19.482789891108826,5.181923765231232,-16.98880311417852,1.9078517579755598
2000-10-07,-20.141069195328846,5.819525671482896,-16.622755684294255,3.627867627102087
2000-10-08,-18.84510009787707,6.287437332420341,-16.99899718037896,3.0531599093318595
2000-10-09,-19.848888644233167,7.39499897706839,-17.06654362999348,1.0588715703058162
2000-10-10,-20.78834572938328,8.467409828596312,-16.829469622422152,0.9042558117575569
2000-10-11,-22.67928446996072,7.375061405762908,-17.401223934388057,1.254715090168379
2000-10-12,-23.238207700559673,5.570370360726557,-17.485620970995267,1.336669909837331
2000-10-13,-24.125865586415358,4.420688464733603,-18.225368787306124,0.3539360457452073
2000-10-14,-24.764723091805315,3.6471678363246665,-15.69410302307104,-1.2825640321692964
2000-10-15,-24.533754476601562,4.914093945072694,-15.656875294663276,-2.362337266733502
2000-10-16,-25.004841304002635,4.641936095238566,-14.47881433655073,-2.505644483780655
2000-10-17,-25.535424329481813,4.8074827181050415,-13.931368978227027,-2.5654555130657055
2000-10-18,-28.028377359974037,5.397257473022882,-13.994805765145209,-1.7861734276726275
2000-10-19,-28.135965127144868,4.946292713451221,-15.276657904798231,-2.610948404649582
2000-10-20,-27.927028331491915,3.60766687143538,-14.483646720212613,-3.5894904966837466
2000-10-21,-28.06313388275688,4.647740158248465,-14.177126488874292,-3.6947665019014377
2000-10-22,-28.931394386742443,5.2795842486179225,-13.754328602027359,-4.796835758790734
2000-10-23,-27.063924115386893,5.454824531375508,-12.660696686526247,-2.7054940497755346
2000-10-24,-26.854190977624192,4.8374056816525,-11.884019128039153,-3.722025925153429
2000-10-25,-25.595831967586363,4.646842546318289,-12.585133000755848,-3.224670548349874
2000-10-26,-24.40114760853023,5.1622371777063645,-12.544564560772528,-3.3441725533717976
2000-10-27,-24.009596782014583,4.129503704656514,-12.436805490781452,-2.8319027762554256
2000-10-28,-24.688471852615123,4.269715805079837,-12.146340371976198,-3.8818622325532064
2000-10-29,-23.609700731609728,3.6279460964048553,-12.373853478427476,-2.060117725117986
2000-10-30,-22.899851630858098,5.733509327897603,-13.509697748998597,-1.814743417032068
2000-10-31,-23.580897688678235,5.423961710672152,-11.45711856931889,-0.0031836604547330616
2000-11-01,-24.862809183644604,6.9105356146195485,-12.24172715329719,0.43011243435877117
2000-11-02,-23.56094327919704,7.641479619057497,-12.568702023278743,1.0604261214294106
2000-11-03,-22.684749247181035,7.091101969748401,-11.878213652570441,0.7588294554526758
2000-11-04,-22.23866530276185,9.146413183807825,-12.329110506103989,1.2349635708926374
2000-11-05,-21.406575773268184,9.881958532004814,-11.175306274020997,0.21603978255195422
2000-11-06,-22.474991948393196,8.909265846422707,-11.992339322713056,0.1829879256597729
2000-11-07,-22.070376662624412,9.548763702484738,-12.658717118859615,0.1858113476018441
2000-11-08,-21.076964534950797,10.311531600061997,-12.479002109248128,-0.4211450209513666
2000-11-09,-21.215636043187395,10.45609056696631,-13.351994523582423,-0.45431092739250145
2000-11-10,-20.87621345049254,8.885909088118293,-13.525210424700669,0.8614673065257783
2000-11-11,-21.595802018831307,8.063039696924765,-13.191052757027338,0.4698776253200891
2000-11-12,-21.53201788058202,9.990273330097835,-14.601415860175859,0.3496220486564183
2000-11-13,-22.74258732242133,10.645963610006605,-15.446069493652889,1.157254418046981
2000-11-14,-24.15097951733196,10.289532928963826,-15.446025172576704,0.5407836846321512
2000-11-15,-25.44589340825655,11.216944177642919,-15.415316924158976,1.8423399820878792
2000-11-16,-25.164031926118316,12.380272620404169,-17.859870648677163,3.0806257236553742
2000-11-17,-25.44061373015626,13.223063537438287,-17.105318912654635,3.974411194342235
2000-11-18,-24.38802124059875,15.168345659821753,-18.21798501922657,1.2856766943113285
2000-11-19,-24.13576835733657,16.446029862062403,-17.55724186660752,2.865332256548111
2000-11-20,-24.24914984625796,17.661169069389516,-17.14386321711782,3.2628514755518894
2000-11-21,-23.70396139658541,17.376239964412576,-17.08235573800691,1.9616954695699997
2000-11-22,-23.530447325741115,17.63768309779594,-17.415502265613693,0.48929359143422535
2000-11-23,-24.4303393852758,15.828145344463564,-16.594789921225857,-0.23688160082628662
2000-11-24,-23.21237984839536,15.706833394759249,-16.20626143021716,-0.47264118364931845
2000-11-25,-23.105593834450335,16.75777851574518,-17.41126103953178,-1.2463829046813757
2000-11-26,-24.056610673073088,18.272197762482392,-17.220703138191567,-0.36939042451833004
2000-11-27,-24.90463647677915,17.64673646402679,-17.49801949118274,-0.7095517272632588
2000-11-28,-25.025944330447256,17.94380961870517,-17.330243063536543,-0.196214631524961
2000-11-29,-24.848390757975636,18.163058838193795,-17.456461941205635,-0.7772571052309856
2000-11-30,-24.145389550874793,19.02140382554702,-16.260148888300073,-1.697421804592989
2000-12-01,-23.044293661278306,19.5200644484463,-19.265792390258245,-0.585082414144743
2000-12-02,-22.186636237249274,21.40581099740381,-17.999423335102307,-1.7995694352183285
2000-12-03,-22.89660297827825,20.53817089050137,-17.206691921710334,-0.43541586984099334
2000-12-04,-22.422589537085184,18.612568403553155,-18.845246438878036,-1.1528892961227115
2000-12-05,-22.55573464568489,17.12888050511194,-19.154680199903655,0.028685429064217338
2000-12-06,-21.893829716800195,17.595245216972916,-18.91462782771243,0.20117031274349267
2000-12-07,-21.37589887922973,18.806166935960228,-19.223579249943835,1.2634857874269858
2000-12-08,-21.02480457415584,18.04829250900439,-19.213038971796333,1.2936432194178062
2000-12-09,-22.535099438029523,17.0059251535077,-21.34143621815954,-0.980542867734606
2000-12-10,-22.505608147862933,16.417782037605953,-20.40850371519522,-1.2351845511894148
2000-12-11,-21.756039532108257,16.007218777371747,-21.49983289684625,0.6796313462193131
2000-12-12,-20.65185539135624,17.606530769220846,-23.374744876900916,-0.4141986661442332
2000-12-13,-19.741975668605825,16.722050744663484,-22.933377012566602,-1.3628465875647033
2000-12-14,-19.902286467771162,17.42481009436044,-22.01188383134578,-1.0680841355669877
2000-12-15,-20.920603281250482,17.61561466180016,-20.678154312769337,-2.375345525175331
2000-12-16,-22.50336850198841,17.700793528889594,-18.89683327107059,-1.9191784861991406
2000-12-17,-21.84081864728566,16.13735576022249,-19.592385139284165,-0.5701733516185477
2000-12-18,-21.91274882608652,16.335489449991098,-21.080858953585434,0.655104960843522
2000-12-19,-22.156966447716208,17.67493812167373,-20.796548899011523,0.3402733967179003
2000-12-20,-22.269873758362234,18.0721645927079,-18.91575283010238,0.9264721519628365
2000-12-21,-23.84834862438733,18.54329702484749,-18.77774440284739,-0.3224455610246346
2000-12-22,-24.669875856604122,18.980319600293,-18.48533051198454,0.043688508656401004
2000-12-23,-24.781041682671837,19.526042549871654,-16.489779910732892,-0.23440775151426158
2000-12-24,-23.664506614328015,20.48590069879439,-16.212624745694626,-0.16291977960847326
2000-12-25,-23.3854203201536,20.918571282628896,-16.788798204922198,-0.0753875960119026
2000-12-26,-23.483283527071457,22.106296413400436,-17.90891858233776,0.8856305329048767
2000-12-27,-23.27447100910537,22.525940217826335,-17.959406019506083,0.6253790446135308
2000-12-28,-22.281746413158608,21.850759400485412,-17.939437315621532,-0.4743341946496691
2000-12-29,-23.359493792734714,22.285117751151084,-18.654573646524465,-1.0281608128950674
2000-12-30,-24.00627509776885,22.251191299865162,-19.643758897298415,-0.9470852700130923
2000-12-31,-24.070399499662162,20.228110458814083,-19.700532683274368,-0.0206634327664319
2001-01-01,-22.97158685657759,20.24172982239534,-19.87280292730343,1.211489185679517
2001-01-02,-24.088138241798102,21.072430059630616,-21.06081504025898,2.1154914902321504
2001-01-03,-22.880849139571016,19.535933295664734,-21.695177616419066,2.781602692639831
2001-01-04,-24.2512817168401,19.945916087751883,-21.9603020202027,2.4763456582535475
2001-01-05,-25.61197583138892,21.006791209563996,-19.737038076199724,0.9618819782829895
2001-01-06,-27.119307448530776,21.32245706635336,-19.053665330089288,-1.1985115115247942
2001-01-07,-27.074139657515854,20.98791627784235,-19.11789902591585,-1.9310128895212872
2001-01-08,-26.385084224318344,21.9893357840282,-17.600171160718837,-1.536379139418448
2001-01-09,-26.881063935933096,21.218534010168383,-17.08831530823513,-0.649251452034789
2001-01-10,-27.848672900035922,23.372670218474752,-17.399590740461996,-0.39228883023429784
2001-01-11,-27.174317682473205,24.158683082508325,-17.262214016419616,0.7167265914981905
2001-01-12,-27.569258334175053,24.05433906267033,-16.836536126752797,1.369401208735515
2001-01-13,-28.44164979224704,23.890771869790168,-18.84298589244187,1.065127496177925
2001-01-14,-29.954712706785706,23.79042919143921,-16.425892611592445,-0.39676985032002743
2001-01-15,-30.580264791155432,24.80844783133637,-17.830364300795313,-1.0349005100779882
2001-01-16,-29.886710374538026,22.756446780370325,-16.202463915135038,-0.3190598323098067
2001-01-17,-30.051975607231473,21.4663674646315,-15.14841617911156,-0.16035535784997446
2001-01-18,-30.965588732856556,22.734816663806534,-14.53109710600351,-1.1861827823189817
2001-01-19,-30.215214938627472,21.827030728630568,-14.733399405542633,-0.29819354269414877
2001-01-20,-30.654507225450697,23.427725984407775,-15.23476821635696,-0.3227458485792014
2001-01-21,-31.65615748152231,23.99867429639865,-15.633454519894514,-1.4211983808628659
2001-01-22,-33.12350421605871,22.413688299914096,-15.364232489892572,-1.8026120471339515
2001-01-23,-31.74050848653386,23.62612227706769,-15.348137915154277,-1.8987652122030851
2001-01-24,-32.28039611383248,23.675285225010523,-13.709074015823834,-1.5582405695123274
2001-01-25,-30.852144672751344,24.930323535586812,-13.60112682822249,-1.2059416030827537
2001-01-26,-30.113630009740458,24.542444770849148,-13.080643664647974,-1.2106254395685543
2001-01-27,-30.921419289763726,24.776318596524916,-15.602888730315636,0.033030594740197206
2001-01-28,-29.246487366521915,26.00604967427104,-16.593819407157454,0.9042702461427429
2001-01-29,-29.981035711349076,25.408498923029597,-15.612117117985788,1.594446036164699
2001-01-30,-29.77090114854751,24.24327126398184,-16.683191881556404,2.4113808199360265
2001-01-31,-30.858043183276212,24.41849973270713,-16.958626772206664,3.2846860636891897
2001-02-01,-29.97454536206574,25.178056321941337,-16.061736677682493,3.877279073504473
2001-02-02,-31.10695107990108,24.958297787512944,-16.57558003639231,2.858775991080881
2001-02-03,-30.059432331041968,25.284594771203924,-16.7331881112338,3.399635017363117
2001-02-04,-29.355749137673307,26.53922322954823,-17.31518007659198,4.296728338410694
2001-02-05,-28.392744283013162,23.695735845020753,-17.559293324992467,4.775520393459915
2001-02-06,-28.49812193433958,23.883355752818545,-17.34043505572634,4.887002085298407
2001-02-07,-27.521516041941023,25.67360690091244,-17.739719078482395,2.876934505376673
2001-02-08,-26.58269692944281,25.533582702647514,-15.409384150921133,3.943594796967985
2001-02-09,-24.836460969084193,25.11562257383424,-15.86175263952404,4.7230257354807925
2001-02-10,-25.997548350650096,24.617945152865772,-15.809422919557527,5.295987814854131
2001-02-11,-25.67531760713887,24.649619059477764,-16.596687432536683,5.924712276460816
2001-02-12,-26.28649161254791,24.068003889722988,-16.900744390429328,5.42898950770644
2001-02-13,-26.045679591259564,24.680267533501787,-16.670613746911254,4.989519971259624
2001-02-14,-26.561352529850463,24.213776651233804,-16.14816053244683,5.306887628577049
2001-02-15,-25.730628259333365,22.510157120725097,-14.084856948230405,6.277114671716967
2001-02-16,-24.373170040637103,22.023488284370213,-13.796018857975074,6.2203162781129935
2001-02-17,-24.31255020140137,22.142460993130797,-13.76092097315538,6.372569818606646
2001-02-18,-26.072869001806453,22.280887321831585,-15.477504315502342,4.749571757057426
2001-02-19,-24.899004366190432,23.040679142369484,-15.751015153869883,4.6004686460509845
2001-02-20,-24.890714774396727,23.106852178180496,-15.681323070316147,4.921224086760074
2001-02-21,-25.303480082576943,22.273317723241526,-14.094723275408585,4.5165946305080675
2001-02-22,-25.9981302327743,22.56000560723217,-13.250407926453052,2.7364736891173775
2001-02-23,-26.3099382678697,22.736861898697438,-12.09149470827517,2.6402895393344994
2001-02-24,-25.7093597454566,24.14413426578963,-11.902295029603966,4.0114461573220375
2001-02-25,-26.75565039523732,23.96900227614475,-10.998578373500553,4.910075198206183
2001-02-26,-26.33135297098834,25.13478107381073,-12.673057195909072,4.865818352516642
2001-02-27,-25.748503410347947,25.637497145611157,-12.285399347675243,4.68675412705974
2001-02-28,-25.380852060347028,26.151513404251194,-11.465306300990193,4.6349291464770666
2001-03-01,-24.351434680587282,27.739263986787098,-10.011316942134242,5.1593939829943825
2001-03-02,-24.219445503101348,28.11823195156631,-9.404825294342665,3.9241300811616115
2001-03-03,-23.66568561615005,28.102996722276437,-9.385520347899504,3.687683737053507
2001-03-04,-23.977614592156865,28.761393519811918,-8.30778546150652,2.354857467962271
2001-03-05,-23.125896804289294,27.61307793772785,-8.35568712306698,1.0987268428326733
2001-03-06,-24.207867218813647,26.471294035200124,-8.511975234035722,0.07985804697011378
2001-03-07,-24.66444532939527,26.796659804396228,-10.162843063911481,0.3560408538242736
2001-03-08,-24.588282981415908,28.384766423983034,-10.632051906755805,-0.10406060026005509
2001-03-09,-26.236268779744066,29.52712621365616,-11.767219493067161,0.043127117428199996
2001-03-10,-25.958028301301404,31.132462648393158,-11.782315100901917,1.150657977779128
2001-03-11,-25.69876496299278,30.778526212235516,-12.905551862085298,0.6717324359514398
2001-03-12,-24.475201248192846,29.659218119715607,-13.55646363585055,0.7808788303515254
2001-03-13,-24.456081272563168,31.44534754067335,-13.377491863646913,0.7982752593670633
2001-03-14,-24.4385528535589,30.98964646911295,-10.267032011346037,2.222627352658603
2001-03-15,-22.55666063215608,31.67291114718922,-9.926129023958879,1.7523796475458586
2001-03-16,-22.291591296920625,31.076310838304778,-8.1063211528397,0.6124811642103711
2001-03-17,-21.16055937340792,31.152910198990458,-9.395449453783051,-0.03499173441824921
2001-03-18,-22.144902867989426,30.953474764398564,-10.317058266072511,1.6213665512110724
2001-03-19,-21.825993676495045,33.23704490466612,-10.675736124476435,1.3661195885094792
2001-03-20,-21.327916007126426,30.248203706467706,-11.093676060105269,3.148536807931065
2001-03-21,-20.55036178133551,29.74357571642202,-12.233724244539815,4.618101633937323
2001-03-22,-21.035130900295446,29.02111601516628,-11.800092616585928,3.413922223928358
2001-03-23,-21.50339645157325,28.558304863916067,-11.329983720943735,4.0723706016881165
2001-03-24,-22.011822423155035,26.91239830779389,-11.493170898052906,3.5913083791434577
2001-03-25,-22.61952110640561,28.371758252679314,-10.376108724364405,3.7450631060890154
2001-03-26,-23.23556600891068,27.81902852169888,-10.37268919779568,2.43465680263131
2001-03-27,-23.289447523589224,27.9812215944476,-10.54220241141041,2.9894004880774423
2001-03-28,-23.366387640029746,27.439145037378086,-9.645017694533244,2.3605227580691306
2001-03-29,-23.44223439532506,30.023468564041234,-8.32290989237884,1.4251736723324395
2001-03-30,-23.10327305904064,30.30775301030873,-8.131183801718137,1.5938029718435376
2001-03-31,-21.75154974709547,28.828229006682918,-7.237363279538065,3.7733046164278266
2001-04-01,-22.009440534595655,29.24137376678754,-6.806283247097509,5.236628974442943
2001-04-02,-20.762678461040185,29.739883632935843,-5.94762500942053,4.365152187873446
2001-04-03,-20.573659858883996,29.140799716698606,-7.425465179670525,5.607809564617182
2001-04-04,-19.427642311704624,29.121878199473713,-7.95396351245836,6.347334638072054
2001-04-05,-19.51280387497579,27.54882602728011,-7.96253769567489,4.827796766375226
2001-04-06,-20.870168308751715,27.29245959604084,-7.295627747470862,3.931413948895755
2001-04-07,-21.13299219664383,25.497633576933605,-8.299589133369645,2.7612702442617594
2001-04-08,-20.787043133885103,26.020483569473743,-8.51619684865241,3.6613784522806396
2001-04-09,-20.101105771892314,26.98606989262802,-7.375424616279281,3.7578346872464667
2001-04-10,-21.417747860436815,26.35318717731426,-6.499609606639097,2.7171179522245494
2001-04-11,-21.30336886614594,27.160707982711205,-6.8869936641339375,3.6519844536726436
2001-04-12,-19.72234915859611,27.484280559522052,-7.72735709752263,3.1461977388494655
2001-04-13,-19.5679662993561,26.006917437963697,-8.612577754381563,4.5319983796082575
2001-04-14,-18.200238517840244,26.002256274944997,-7.720484344807508,4.93219340707631
2001-04-15,-19.470845402440165,25.93817535892768,-8.200729317232184,4.481795598607508
2001-04-16,-18.847519245163003,25.184423387565094,-9.26463118891316,5.461034724958809
2001-04-17,-17.912244244760384,24.615156434215983,-9.423106926123102,5.806755755465405
2001-04-18,-19.0287262376617,24.534870706023924,-9.418917320888262,5.990613600583789
2001-04-19,-20.03697887642455,24.78268308592823,-8.608193269287709,6.138720621978741
2001-04-20,-18.645866081185407,26.41764298669449,-7.338218044150983,6.455353599883568
2001-04-21,-18.946220835129395,27.318543728223947,-8.763720405289463,5.204138199533622
2001-04-22,-18.878119209450535,29.13779474599869,-10.001878390773784,6.668633357646113
2001-04-23,-19.351061537566846,30.11695987195278,-9.120632059595957,6.72621558236403
2001-04-24,-21.29800312011484,28.16030087114988,-9.687791881319152,8.029268878514097
2001-04-25,-23.263930134840777,28.643130199770365,-8.767233197483304,7.852252260881362
2001-04-26,-21.82532890117471,28.14200741254413,-11.303149519940138,6.678532057543453
2001-04-27,-22.37546226242379,29.13453205462235,-11.411881564332857,5.175094783980737
2001-04-28,-23.851858652126168,29.639275648737215,-11.671353703934187,4.056407075881916
2001-04-29,-24.78809128206168,31.31442593785072,-11.470605727500937,4.62101283524513
2001-04-30,-24.023971894293968,32.11089753351339,-11.300762710829499,4.059957611022687
2001-05-01,-23.04262768902899,33.22158564690433,-10.862351011636164,5.052245865034946
2001-05-02,-24.465937079493354,32.890876354526995,-9.294827817084004,4.31075050355932
2001-05-03,-25.273114205453503,33.498639025760696,-7.723083194757253,2.8663834783535576
2001-05-04,-25.162565895247816,33.33686276246576,-8.255960665116875,3.603357207126219
2001-05-05,-25.639752671356867,34.03096747189692,-9.523155202952704,3.8885233337496365
2001-05-06,-24.258398375611492,34.46285122546333,-9.648790615986048,3.849010007105219
2001-05-07,-24.715405801176296,34.34495746120583,-10.011942442985209,4.370355054572302
2001-05-08,-23.50297076593232,34.193899693389724,-10.344291327044212,5.500973506087798
2001-05-09,-23.939653293418107,32.5926969209284,-11.320698767938937,6.971688937193844
2001-05-10,-24.947022589724146,30.91473108568059,-11.906034233233711,5.3217761081930295
2001-05-11,-25.837842773110335,33.01831205398697,-9.763200234510677,4.388671150999894
2001-05-12,-26.146693013388614,33.07087537322697,-9.778894209254624,5.216565627080118
2001-05-13,-27.451810269621888,33.74827709447391,-9.000608303347907,4.302782720160457
2001-05-14,-27.447778215127702,30.720508847000637,-8.30598096906204,4.209470901190295
2001-05-15,-28.075899261056964,30.849498775510643,-7.916607084083854,5.14951087207071
2001-05-16,-28.33827599043829,30.943815141491264,-9.228859133279302,4.94703755064981
2001-05-17,-28.743915240014772,31.014082935070316,-8.60863453408971,3.84468207606355
2001-05-18,-28.776042737003003,32.27028655234392,-8.838200839076746,4.663000938640419
2001-05-19,-30.04856177045785,32.341981154868726,-9.28959534679344,5.307954987182658
2001-05-20,-29.59544961501217,34.44739569700806,-7.714770765467037,4.587301418861904
2001-05-21,-29.592654062566112,34.855077811633514,-9.465387326121842,3.9399143971135784
2001-05-22,-31.037869773754366,34.817814964480526,-10.129782446304224,4.020315161696485
2001-05-23,-29.27445288075499,36.21693335728829,-12.342285961735913,4.375628694565419
2001-05-24,-30.770505727897312,36.560348151256676,-13.88511175862742,4.976532715960461
2001-05-25,-30.42294039284581,37.59379662737176,-12.688454891212855,4.59015152489022
2001-05-26,-30.1565877725293,37.01608869968638,-13.893515404466822,0.9688925360404945
2001-05-27,-27.968836359772414,37.069640174250345,-12.818178811454088,2.3852245585607696
2001-05-28,-29.664051333357722,36.40037616899299,-14.689823414235082,2.2859098465974546
2001-05-29,-28.979635806236193,37.11710562643028,-14.809313133701567,2.9983525498550034
2001-05-30,-29.58009433197239,35.60720105020612,-15.01232279943213,3.389277671638236
2001-05-31,-28.577955028260586,37.33239697676158,-15.682601183589505,3.6155956903307453
2001-06-01,-28.61266186547655,36.440842403420355,-15.731825430149078,2.1288761088435577
2001-06-02,-28.09923594688068,35.32104198006878,-16.844174397648164,2.611044624277377
2001-06-03,-27.834623166603592,35.498997111554594,-16.802135674602557,2.0869600004046904
2001-06-04,-28.696452820398214,35.15555846512427,-17.744857452815516,2.2825299838673927
2001-06-05,-28.677204569273492,35.03241579768498,-19.108827799577107,3.2985703473067094
2001-06-06,-27.056586693944155,34.860573728979624,-19.760250299707824,2.437619429564188
2001-06-07,-27.095552079592885,35.10283646317339,-19.121007695410025,3.8716140159682406
2001-06-08,-26.010795433732074,35.169618769532825,-19.64737777671942,3.8418469170320084
2001-06-09,-25.9604434007221,35.154222760810164,-19.17488153926218,3.5458634436460454
2001-06-10,-25.25722184648603,34.42515841615157,-19.925282867218144,3.910534375722673
2001-06-11,-24.813590262122865,36.64709756913188,-20.345245983152413,3.0761448938765024
2001-06-12,-24.727983292119355,35.9301173211342,-21.920747123975428,3.5504324632401736
2001-06-13,-26.35885666299187,37.09706060333758,-22.09465037791732,2.590179367149817
2001-06-14,-26.66020425675525,38.519671093458435,-21.39547521222195,2.683769776006082
2001-06-15,-26.745656004551506,40.984297956473355,-21.16439069341354,2.2365217017642265
2001-06-16,-26.55886385406494,40.7859632674582,-20.465489973978308,2.8575979656309367
2001-06-17,-25.08813028902609,39.81889607441341,-20.553454362440462,3.1165267179277794
2001-06-18,-23.59375368731161,39.69578385032712,-20.956354813941406,2.461054321021095
2001-06-19,-23.069561375563065,40.0193881147441,-20.808514139973166,3.9261255801760977
2001-06-20,-23.46951262524603,40.50883097146562,-21.638415785884508,3.395059415834946
2001-06-21,-24.598064966853887,40.863470147508956,-22.16641038301811,4.901087721929328
2001-06-22,-25.436673861438084,41.628189689813105,-24.02909332758049,3.9897685686851205
2001-06-23,-26.526348839399066,40.94740106585578,-23.576659361496404,4.297048034494995
2001-06-24,-26.518766750248254,41.458408263909554,-23.246181433424606,5.627251618019508
2001-06-25,-26.027504876440137,42.565097502961265,-22.668643176365112,5.570733132886767
2001-06-26,-25.020471460652537,41.19503312857965,-22.523866011165502,4.3165779697922755
2001-06-27,-23.94176283155365,40.96268918494655,-22.710663281720155,3.748874514350178
2001-06-28,-24.33641742835805,41.202380204221825,-23.111899657894284,3.9087859509162337
2001-06-29,-25.574881147508716,41.9984368261777,-23.85790269559393,4.861250121426711
2001-06-30,-25.698031356288304,40.89185519278717,-24.015207215977345,3.440627337115213
2001-07-01,-28.141576196701045,41.56633683263026,-24.659925605643842,3.091095031295785
2001-07-02,-29.938021858409822,41.07546135616098,-24.009061040928945,3.411599993787599
2001-07-03,-31.47596630022355,38.20524308075415,-25.247408835665606,3.9909270770912277
2001-07-04,-30.25502330798906,37.29259120316521,-25.539961574742037,4.109377857897846
2001-07-05,-29.57975838281802,38.99797650977453,-26.183325876740444,5.07629564664296
2001-07-06,-31.357837230129938,39.27078412701015,-27.666634749885542,4.970767955901044
2001-07-07,-30.898559149785665,37.96873034183801,-27.85818383858265,3.6788842443407246
2001-07-08,-29.597173711119375,36.447482425742464,-28.513104387016483,4.0945292293007975
2001-07-09,-29.8029662998355,37.44679399236011,-29.13229938315927,2.240294064430017
2001-07-10,-27.827907545699738,37.4288148205984,-27.45201930150407,2.0047395838429614
2001-07-11,-26.98019043238165,36.888871147447944,-27.251306513523456,-0.11658309617357965
2001-07-12,-25.814540848250218,37.451934930143665,-29.13247346947928,-1.9125534948354999
2001-07-13,-25.570463820197908,36.17714930806838,-29.08178764360566,-2.3392898028841533
2001-07-14,-24.136813088764487,36.023614725650724,-30.70394723982396,-1.3838841661489454
2001-07-15,-24.319378822003635,34.501185677329616,-29.17070776689981,-0.9285542802652716
2001-07-16,-24.836776220436615,35.23643835853102,-30.426814134595755,-1.4971309412949267
2001-07-17,-24.453021381230162,35.450740622581755,-30.093778890873775,0.3651601898742556
2001-07-18,-24.130645304742888,34.15875983024883,-29.83224812326829,2.3937398195185704
2001-07-19,-23.484309126427643,34.02062969756715,-28.53965594079642,2.577574419825974
2001-07-20,-24.900500900078757,34.095672451621695,-27.091894619025656,1.0309532345726553
2001-07-21,-25.697201503484155,34.78128701841275,-26.19061178665529,1.263660653808546
2001-07-22,-25.483784535941872,35.693740825078294,-27.345697903834335,0.9299634766078236
2001-07-23,-26.029437419948547,36.465438530503604,-28.31442425489396,1.442620430968083
2001-07-24,-25.484121813320325,38.90564640284092,-28.041817405843602,-1.1014975815435892
2001-07-25,-24.99386424729071,38.55467820364052,-28.611253324637175,-0.5708209382680652
2001-07-26,-26.19746711873322,36.85861929622417,-29.831222259793694,-1.2300814748646873
2001-07-27,-26.88212835392448,36.06194288438778,-29.990436030137012,-0.1016237312949837
2001-07-28,-25.457274718228437,34.6269109141976,-31.325828843525134,-1.6637167951227418
2001-07-29,-24.994545588509627,33.22095014938527,-31.32078811889586,-2.7505345418821863
2001-07-30,-25.958107899126727,33.566059409878044,-32.63397801747183,-3.7399131176401323
2001-07-31,-25.296809941578193,33.5154716090363,-32.10746897371922,-3.288032831589274
2001-08-01,-25.95395800446932,34.75032935967461,-31.406492589372178,-1.5633676091921263
2001-08-02,-25.146680828380177,33.80751672661695,-31.99383622235515,-0.182894563152447
2001-08-03,-24.052634853208573,34.89170645174442,-32.7770333614597,-0.10785241366353016
2001-08-04,-24.461914433434,34.68164043396255,-31.192073697000676,-0.2523347944184346
2001-08-05,-24.219839631165506,33.658145035739096,-31.337176532898717,-0.8523410984397441
2001-08-06,-24.413045528011143,33.7927492664599,-33.582490483691345,1.8727117259079697
2001-08-07,-23.105051691819195,33.60698776876436,-34.2641286707196,4.375402927571213
2001-08-08,-23.442022329620738,34.588588418159055,-34.28609745234986,4.678651453357762
2001-08-09,-24.59228855029912,33.01569255299017,-32.366192744980445,3.804804993624945
2001-08-10,-25.043841892742083,31.847280474287256,-32.70485285328315,5.050588413866206
2001-08-11,-23.750651478579684,32.67663732483932,-32.34096916161427,4.667843997583828
2001-08-12,-24.244180925233785,32.9648565835137,-32.09430791691167,4.048316565308591
2001-08-13,-25.290716742908444,34.60007213395143,-31.25296055684896,4.423591860556744
2001-08-14,-24.61024117808379,35.71514657441954,-29.48828366166429,3.4215309434172507
2001-08-15,-24.889593732042094,34.673619570582346,-29.631918528286278,3.362840837695174
2001-08-16,-26.629601612574422,33.89319565485801,-29.361488974354188,3.834888182042421
2001-08-17,-27.566048890228966,33.76711121737178,-29.426322130961005,4.437694175057999
2001-08-18,-26.283171172580822,34.06698468009693,-30.87804635225918,4.78612493827411
2001-08-19,-25.67418084963787,33.57584160215791,-30.773580962433517,4.690682745350349
2001-08-20,-26.270481484849967,33.02224786087017,-30.21446417833497,3.5757282078066233
2001-08-21,-27.101560568556927,31.64171397951754,-29.4378598550559,4.448469523005246
2001-08-22,-28.7276009910931,32.21553875796924,-28.22563184910417,5.958876721460387
2001-08-23,-29.32164748879717,32.892929722321774,-27.201832323696166,5.731365631717568
2001-08-24,-27.717937291995476,32.033982793757765,-26.84562673500305,5.475551418180817
2001-08-25,-27.475543820242372,31.885005332204607,-28.303600701177643,6.853205811612228
2001-08-26,-25.18883129832834,31.605553803196294,-29.336988776602396,6.598182353553852
2001-08-27,-25.557068870403178,30.557344853801865,-29.06651461122431,8.000966752277298
2001-08-28,-25.892186985697055,28.389652505193347,-30.535153362850043,8.513282913042111
2001-08-29,-27.65169117677379,27.327494480143997,-30.019610065222334,8.606629710854696
2001-08-30,-26.481179595991744,27.91921559105099,-29.532729878822643,8.726942259973386
2001-08-31,-27.697374616965277,27.838824158425698,-27.380356220808316,8.512806081697176
2001-09-01,-28.335451089348588,27.053612412694143,-25.347348723405997,8.222129931714306
2001-09-02,-28.83531947896673,26.639930425403012,-22.968183564553684,7.6941414890421305
2001-09-03,-28.636771511364174,25.39979491819012,-23.120473049589275,6.730310793797838
2001-09-04,-27.223030671445123,26.236231790319195,-21.432766260826398,5.825885797860299
2001-09-05,-29.452700770280146,26.166064840149517,-21.701116055739487,6.088365985272632
2001-09-06,-30.114109146004523,25.9808065407349,-21.755654949404484,7.1230572042746845
2001-09-07,-30.011406843555317,26.697892705428938,-23.195313621446772,7.092318382283332
2001-09-08,-30.275697880485694,26.127941759031494,-21.969009744242936,6.1507811350143475
2001-09-09,-28.261687650745824,24.588583391769152,-22.70265734094431,6.192132157015622
2001-09-10,-27.50937913672559,24.085923085761955,-21.29813291292516,5.372844314618035
2001-09-11,-28.945824411633854,24.049992127470563,-21.255938857407177,5.610861238139788
2001-09-12,-26.281861273914238,24.392197784478572,-22.071545067649605,5.434447188876128
2001-09-13,-25.235610811471346,24.35869578063567,-21.189436043310486,5.308960485892819
2001-09-14,-26.033504081952863,22.701294741758307,-22.06978653727029,5.214050248500045
2001-09-15,-25.446690461398624,22.545346100829242,-23.57648632053924,5.809800617628577
2001-09-16,-25.20159642152139,22.536413790528048,-22.67436272916135,4.681472797929526
2001-09-17,-24.647125208095126,21.546298743484215,-19.865683208830664,6.226214089964516
2001-09-18,-24.460835812767588,20.908129917137646,-19.383988958674507,7.060381609568103
2001-09-19,-25.55056527038368,21.162115413555956,-19.49911009069903,6.432897665711156
2001-09-20,-25.031969073789476,19.515792038001408,-18.946902185267138,5.634693926302431
2001-09-21,-24.71028067784195,19.026884747030238,-19.718861043736084,6.096005626738078
2001-09-22,-24.64857274444489,19.274775201807877,-17.962582064316976,8.076198927382991
2001-09-23,-24.484796123573258,19.727026189114955,-19.333495669290564,7.814780653767765
2001-09-24,-24.711579763545874,18.572810779407874,-20.65714690398815,9.820293587952957
2001-09-25,-24.604052857487282,18.47499488503525,-22.19996092531945,10.447580916506691
2001-09-26,-25.488799155714833,18.33852431156789,-22.20511797358897,11.463199180935723
2001-09-27,-24.482744012589485,18.925633363040312,-21.801081286401153,11.83552292924255
2001-09-28,-26.207846226058795,18.161590869202776,-19.527979881747,12.042450743203027
2001-09-29,-25.657698548106485,17.307612717971196,-20.130848304628998,13.791089608877526
2001-09-30,-26.85514131888927,16.17417484944045,-20.60023835453751,13.502665011111898
2001-10-01,-28.40701642019031,17.496995801462397,-18.384275216792425,12.751364569597339
2001-10-02,-27.00505895607778,17.689785657375804,-20.59098027140967,12.215237054679848
2001-10-03,-25.66174368792769,17.840781926726027,-21.070527584166772,13.597433661562452
2001-10-04,-25.531653711126324,18.012310877099406,-20.122882341121354,10.76732264891482
2001-10-05,-24.761817072061525,18.01003763340804,-19.149395462244605,10.07496178168748
2001-10-06,-24.694792728822854,17.515618316406584,-20.488511323781978,10.030468632917323
2001-10-07,-25.093247617347796,17.799053094854752,-18.970932680059324,7.938898798755712
2001-10-08,-23.1497390803604,18.319398916917493,-19.33373368551618,5.8532793068552404
2001-10-09,-24.04571871454188,20.23934324073607,-18.88272487126412,4.996136444047716
2001-10-10,-23.531897476976845,21.678837429423613,-17.34483808505736,5.490023660630297
2001-10-11,-25.564888137212996,21.212291040041578,-17.53098680360914,5.724684050996897
2001-10-12,-25.896018680403785,21.583751609150532,-18.37156734941149,6.097852907572027
2001-10-13,-24.660417181392454,22.655579405530755,-17.05126212100338,6.44382584647956
2001-10-14,-23.991584021352896,20.301584968673247,-17.44771893281833,6.981313107749825
2001-10-15,-25.013548900879872,21.388339080942995,-15.511644334102618,7.323347714173659
2001-10-16,-25.21593627056629,20.83603237710853,-16.692506314808952,7.281986958725234
2001-10-17,-25.291903304254365,20.68173560023729,-17.241696164015732,7.7545236724907
2001-10-18,-26.13858208678831,20.537943269163588,-17.41455337526328,7.559351935950469
2001-10-19,-27.686908799432434,19.844100855228046,-15.647156822334995,5.420054909000283
2001-10-20,-27.885966962011157,19.691725839161023,-15.016188347605699,4.991008824057882
2001-10-21,-27.93623343123414,19.286953296517304,-16.07337598887549,3.882522623059869
2001-10-22,-27.683478011148054,18.78435757890518,-15.280255261398267,5.142656114454797
2001-10-23,-27.197829388661106,18.622095370492975,-15.582649495707587,3.803581673542887
2001-10-24,-25.75980764162999,17.61825390486227,-14.865489498604063,3.888808313348712
2001-10-25,-25.28133414821516,17.88758571373044,-15.236651172012367,3.3728830316420813
2001-10-26,-25.141184593952556,17.887801502292202,-14.345481249989511,3.789165288319708
2001-10-27,-24.559516608458363,17.638713254045083,-15.425609361540742,3.9294865797772496
2001-10-28,-26.3727235108246,17.375525869929277,-16.091598977742656,4.487996477925553
2001-10-29,-24.6986952626622,18.476213258335527,-14.794083184784531,4.888056832090163
2001-10-30,-24.9553546069576,18.8494301811102,-14.141515534050052,5.822018691972916
2001-10-31,-26.562319390261962,18.233836639376385,-13.25770776723632,6.21160247301487
2001-11-01,-24.73963982995716,17.37888644364503,-12.672838585046984,5.463199381750607
2001-11-02,-23.889980353750865,16.84974294582335,-11.349878141539616,6.896812527868688
2001-11-03,-23.977179233062355,17.58439990138595,-12.445914079735752,5.509132350054608
2001-11-04,-22.279745731200567,18.29515657272649,-12.539535948070823,5.731563671604829
2001-11-05,-21.885135193017227,17.45971224631845,-12.766581826720365,5.922063968451796
2001-11-06,-22.222914910666795,17.398227859310662,-11.944530730595018,7.694598094440787
2001-11-07,-21.098768427723492,16.049372054624012,-13.889597925451657,7.993401769135758
2001-11-08,-21.296953537121738,14.955966352370048,-15.003561367770553,8.576745573441261
2001-11-09,-20.968936899295105,14.392839056223922,-15.40228008443665,8.384379878410899
2001-11-10,-20.847487074560647,15.109304509198175,-14.817109303126717,8.077641904997133
2001-11-11,-19.81574008528135,15.026973932512952,-15.30282755810254,8.130767484155614
2001-11-12,-19.45294159002353,16.729302870000204,-15.90430491340894,8.05552143455516
2001-11-13,-19.81846087477233,16.602924144811404,-15.678439925585026,8.381385943997989
2001-11-14,-19.58642394565211,17.02711746408535,-16.856803815841378,9.09361510186346
2001-11-15,-19.325504568743174,17.351972274757898,-19.157249262264543,8.50266185455578
2001-11-16,-19.619400974267602,17.8827469609548,-20.10441168423053,8.863898903107408
2001-11-17,-20.159153327852586,17.54520128201792,-19.001362222157503,8.803608750362645
2001-11-18,-22.307850611979603,17.172537296954925,-19.423076854608325,8.841609072238715
2001-11-19,-25.018465555456157,16.949747376173136,-19.034362141461212,10.55195696633372
2001-11-20,-25.39229979245947,17.47007923599677,-20.877746853842204,10.059875801167962
2001-11-21,-26.043470948451414,17.78468078389551,-18.362754907567865,9.395635705477096
2001-11-22,-28.226751709365068,17.30255620918924,-18.024370361423735,8.289473145691403
2001-11-23,-28.20781271726723,17.897861237783673,-19.056181649223564,7.24770691164785
2001-11-24,-27.172094983359923,17.199326632894152,-18.635670169353908,6.837840425777177
2001-11-25,-27.182164838093293,15.173288266407095,-17.889805207833113,6.019839783944583
2001-11-26,-27.62287821543819,14.773508334024342,-18.07510436941977,4.706957827350226
2001-11-27,-27.509862106470617,15.52813132494993,-16.68547475183062,5.59471916495889
2001-11-28,-27.96202350947612,17.223943896959995,-15.850738920174383,4.9977944327266695
2001-11-29,-28.819229994168623,16.673808826586384,-15.668187836690855,6.84533968460495
2001-11-30,-29.64452241019422,16.443604032528057,-14.797273395371034,5.989913436888174
2001-12-01,-30.662838549183856,15.627642077377907,-13.15735495464347,6.447770597691107
2001-12-02,-30.867325417325368,14.991165210250797,-13.251725492179354,6.506895098060398
2001-12-03,-31.11846271492643,14.44474171555981,-14.044457821733017,6.1162017870620815
2001-12-04,-30.336261524568243,14.979169810445086,-15.666453628520367,4.954500688662051
2001-12-05,-31.811718990333286,14.538491120375937,-15.031800094353677,6.447351633919654
2001-12-06,-33.1452590191223,14.766527820008054,-17.110543134794554,5.301200474050244
2001-12-07,-33.8201413763391,14.367469992574232,-19.090203979949262,5.036920894564174
2001-12-08,-33.38552894897774,13.418176725307179,-20.369150267073906,5.217105887447139
2001-12-09,-32.404858043014194,14.225214335442201,-19.66306557737059,6.551156287221883
2001-12-10,-32.31859825303878,15.077001114012528,-20.22697849418958,4.978616075802089
2001-12-11,-31.526888109935722,15.558401970431325,-21.718849668029254,6.578385115484476
2001-12-12,-32.66922466379508,15.198318683476852,-21.339251984791357,6.848302514592584
2001-12-13,-31.274681564623375,15.553477221543117,-21.311734728315983,6.302757969690905
2001-12-14,-30.17979170224998,14.127801036922161,-22.818161525971533,6.5036968180204875
2001-12-15,-31.724186548294004,12.868433042205899,-24.09659596469862,7.152495180344179
2001-12-16,-31.758974291857157,11.58152644618823,-24.368605547138642,6.514676714908381
2001-12-17,-29.709989998055725,11.367977270735267,-24.378321073171993,6.0994975805612635
2001-12-18,-31.090670351309285,12.098208790934468,-22.236322683971782,5.376666244494549
2001-12-19,-27.674109636823204,11.76762571722489,-22.53955073245649,6.432055376808599
2001-12-20,-28.425233204080147,12.697195820887968,-21.383145371111283,7.174758212854408
2001-12-21,-28.19560979962392,13.753328909745823,-21.32577175999151,8.158269266552656
2001-12-22,-26.223507145164152,12.693363116994202,-20.907788160268456,10.267258767541827
2001-12-23,-24.85752904790118,12.748284928369852,-22.207796031335015,10.825330193196734
2001-12-24,-23.721454399229508,13.72763971412164,-22.685718980400893,11.261209795222332
2001-12-25,-22.680934155375684,12.756725903156752,-23.183518902096598,11.572256630656355
2001-12-26,-23.51751038264742,14.694276094120259,-22.619503663596447,12.079239992691512
2001-12-27,-24.298502837773412,13.599632203561727,-22.302977720850784,13.377844105498392
2001-12-28,-23.810427794840194,12.397755708436412,-22.364143608431934,13.010798917017937
2001-12-29,-23.780095142576055,10.796692608438194,-22.92127626114939,10.928556556668031
2001-12-30,-23.825667071893438,11.419349261876333,-22.606502746797698,12.571025022945303
2001-12-31,-24.23941684270129,12.654827875200866,-21.782041928985645,12.331524098081667
2002-01-01,-24.095873077206864,11.816349430628682,-22.384467750972075,13.54871574581252
2002-01-02,-23.233218745353398,11.460212842234332,-23.162357959677248,12.725908482153088
2002-01-03,-23.46202018417264,11.533475627402483,-23.14625423835621,12.124183122362082
2002-01-04,-23.34513825766171,11.862881807693709,-24.893128275662857,11.421190228718817
2002-01-05,-22.444762631755683,10.280384786547748,-26.01928201623991,11.7358215087946
2002-01-06,-21.38464155092787,12.295061605291599,-25.17473090787834,12.197221206440357
2002-01-07,-20.817915061165486,10.13350638845622,-25.08465686854384,13.519177000854565
2002-01-08,-20.818693007772623,10.485372783942664,-24.940173208120505,14.517769907984503
2002-01-09,-20.308625607709754,10.565948600753174,-25.306568233607447,13.122181752500989
2002-01-10,-21.664972880248367,11.312383754024731,-25.64840495066283,13.0632217568358
2002-01-11,-22.40356126271895,10.407590043642973,-24.99406543580619,13.188880972949748
2002-01-12,-22.576009026346284,11.332916501592873,-25.026619814771372,13.86867344811507
2002-01-13,-21.18879220063902,10.803188009233459,-24.970046288068705,13.282181761183974
2002-01-14,-22.62675801523104,9.771670446940886,-26.33330518397967,13.918365578922245
2002-01-15,-24.179973179101694,10.150849997340497,-28.79704623988139,14.333864094886021
2002-01-16,-25.18665562257584,8.278266749165255,-28.114014080032284,15.571128720428526
2002-01-17,-23.95398799161843,6.8860649153010325,-25.89279643734075,15.697422530611894
2002-01-18,-22.86529763914263,6.912597269864936,-26.313902420261474,14.742888578064417
2002-01-19,-23.487972976772394,7.74276358084753,-26.964553298792655,14.778629175392306
2002-01-20,-23.207311822578944,6.929047105937737,-27.77168298847287,13.999674929612327
2002-01-21,-22.627583059658328,6.5808330192869615,-27.789817609830305,12.128500096224109
2002-01-22,-21.50034493968313,6.252221570961867,-28.136020316970068,11.305261627386065
2002-01-23,-21.656356779889492,5.854975881189668,-29.41068065909139,11.23868597503271
2002-01-24,-21.823335960865645,5.914789512851356,-28.839186410862627,13.204233070579216
2002-01-25,-24.64458604746902,5.887067656620625,-26.78635526278756,14.776794313458058
2002-01-26,-23.5899555435162,8.965708511699065,-25.08857581888566,14.822784738610496
2002-01-27,-23.791533362796425,8.795442471041532,-27.240797275188363,14.005359967893051
2002-01-28,-24.532121803249545,8.715672308184967,-27.855960702475063,14.445113201457225
2002-01-29,-24.901154608015794,8.949080644427012,-26.427479530438664,15.007981030769173
2002-01-30,-24.596590741957424,10.453473834134746,-26.499624896072522,15.358714553836602
2002-01-31,-25.385918654886794,10.771940780791816,-26.363761556217494,14.736401882516528
2002-02-01,-25.164901559335778,11.27717589762764,-26.36347928409076,15.390615869150398
2002-02-02,-25.653362795014857,10.864121714073665,-25.26791944406116,15.519632744066579
2002-02-03,-26.31544474960638,11.483684377022557,-26.77701683307569,15.065339185245334
2002-02-04,-28.35556772043137,11.768295847487627,-27.2033857520882,14.171593639020806
2002-02-05,-28.126363320810558,12.460200474003116,-27.444505572649028,15.508024740709494
2002-02-06,-28.568709272769265,12.995046369145964,-27.053909170113453,16.313927920248876
2002-02-07,-29.02908047632777,12.49209259711855,-26.81998527036199,15.850149582049166
2002-02-08,-28.18083313235732,12.100445381034561,-26.0604368454978,16.215705745399305
2002-02-09,-27.305794833215188,13.131201904703659,-26.880684727409253,17.979487869813287
2002-02-10,-25.671981627716004,12.950061716671433,-26.680362315376303,19.054302072226566
2002-02-11,-24.932118588267883,13.341664249710437,-27.489498620634254,17.068357022679983
2002-02-12,-25.904159994146386,13.088872596242032,-27.553057763302608,15.39930897766775
2002-02-13,-26.751243061613618,14.358594314168073,-26.062884058471614,15.476677814222763
2002-02-14,-27.980786665477524,14.941913595466211,-24.272312258088377,16.815641079366586
2002-02-15,-28.956162102836007,14.73765597069417,-24.12561854112793,16.62575229169209
2002-02-16,-28.659101963949254,15.51280037922722,-24.498267577319748,16.418189133965594
2002-02-17,-29.84921107153386,15.03942351353549,-23.851264025677068,16.48617919726126
2002-02-18,-28.31108230393761,16.360281278075647,-23.54326660403066,16.290536231882598
2002-02-19,-30.45090903255713,16.516522556364965,-24.07206104222807,15.400480194131042
2002-02-20,-30.204618515699988,16.933952967462393,-24.737419509842923,16.76596180073303
2002-02-21,-30.463771117521432,16.52940394995204,-23.95627406542936,17.38378354063757
2002-02-22,-30.120022303892558,16.311223793816726,-23.255599792015765,15.943635342032142
2002-02-23,-31.229338673566954,16.021340380915696,-24.97686801038119,15.53861215608465
2002-02-24,-31.988613175516676,15.51519706885743,-23.66900002072518,14.76954255062776
2002-02-25,-32.44583316774275,16.278490987861403,-24.79137043058114,13.101195353153852
2002-02-26,-31.819237627543643,16.44402569343317,-24.52630324430768,14.654077420245581
2002-02-27,-30.9883862624137,15.24984426798074,-25.75008181388135,14.31478864413186
2002-02-28,-31.441426927237572,13.66269923901344,-23.731226034867323,13.852369763943459
2002-03-01,-33.31679570107872,14.08969421312858,-22.894479151567666,12.62500727609339
2002-03-02,-34.041929247621425,13.393585097134583,-23.057658095041432,13.268075519859055
2002-03-03,-34.778504322439495,12.631803272159186,-22.364450262669003,13.01631014248795
2002-03-04,-36.89845940619994,13.048464913377373,-21.369511668687778,14.246770885675007
2002-03-05,-36.545116314066,13.143749100924428,-23.126055356620057,13.84911606200569
2002-03-06,-35.68818702227483,14.342066068901367,-21.829237374266707,13.337285215062936
2002-03-07,-34.28611642857965,14.803356507889623,-21.731690977776857,14.920135523077828
2002-03-08,-34.09142444129946,15.529305994718927,-20.345293812641504,14.286829516067224
2002-03-09,-33.72927531735725,13.993986236697715,-18.88750182063792,14.580032118477481
2002-03-10,-34.15336386971808,15.897090392761987,-19.6261672280589,14.98098887665194
2002-03-11,-32.425876599308026,16.65263482875207,-20.23487978820814,15.454268301939916
2002-03-12,-31.87640037704741,16.914924619320285,-19.031286059227774,16.076629657354097
2002-03-13,-32.47603176427836,18.437556458839833,-20.89765062664897,15.490562360557096
2002-03-14,-33.261300220753235,18.88376836643169,-20.798332267050853,17.3356487931528
2002-03-15,-35.86300887446259,18.191325828532666,-22.012569797166513,16.624177920642293
2002-03-16,-34.6229406715066,18.818563368116358,-21.327576060341695,16.414269021023816
2002-03-17,-34.63210501175843,19.87185057420302,-20.329725519019142,17.333665689327578
2002-03-18,-37.426931660148604,17.380795128175286,-19.620208925017366,15.554000332622854
2002-03-19,-38.21186780629929,15.127263084646486,-19.468705082943742,15.099928787526697
2002-03-20,-38.279599348468984,16.20374839965568,-21.22913017534241,15.006885211605496
2002-03-21,-36.58541578118205,15.277972684717222,-20.17671620986299,15.583437687222723
2002-03-22,-37.948932640879235,14.4832910874295,-19.78360205348562,13.983318076297547
2002-03-23,-38.251793249200155,13.29250566090743,-21.820909722390212,14.048015206325998
2002-03-24,-38.462728236123844,13.547026393507009,-21.117733407848696,13.803463447259528
2002-03-25,-38.55634296243016,11.99535964576005,-19.08288309223527,15.95177568521532
2002-03-26,-37.61805672753118,13.297364952837643,-18.673884356191166,13.540244930116494
2002-03-27,-37.76831635846739,12.94005806495351,-17.264198041572566,12.333489823994851
2002-03-28,-37.73363838176469,12.188722867911665,-17.5165084773463,12.080869486951888
2002-03-29,-37.4273658639533,12.34595683374509,-17.35930365347661,11.391060056455691
2002-03-30,-37.33911567863485,13.015503451744468,-17.485126295984053,9.98868735261457
2002-03-31,-37.17059266051975,12.173105518858439,-18.56830113721618,9.44703886028712
2002-04-01,-36.38585800610825,12.874082364158188,-15.871691142040872,9.126583569344215
2002-04-02,-38.09634347990325,12.857524272457063,-15.385592917443418,9.265387750276911
2002-04-03,-38.678294553401095,12.357004377110053,-14.738524098354043,8.053928859031611
2002-04-04,-39.18540857721944,12.52321697735453,-16.45291193994034,5.7652006223654135
2002-04-05,-41.311705490810084,12.335704751992326,-16.32712161199158,7.1854149478843015
2002-04-06,-39.713697632553824,12.030199367336685,-17.843307013212225,8.452939390776391
2002-04-07,-39.80707905656673,12.817284428012188,-15.920072744454444,6.584323790435057
2002-04-08,-40.976082562920176,12.045250283672768,-15.218504724111307,5.1069513644367825
2002-04-09,-41.01720386189082,11.727257644858609,-15.060356076640378,5.545319666688646
2002-04-10,-41.0082587938259,11.760786136829804,-13.657248499368743,5.777405296077541
2002-04-11,-40.27554560739946,11.66140358983004,-14.115354456602011,5.052692073818181
2002-04-12,-39.87716605403956,12.215578380554593,-12.465662000593177,5.215891219999335
2002-04-13,-39.14474086780904,13.291042960621208,-13.495916253880521,2.8430804740254643
2002-04-14,-37.47544739918557,11.193691548569637,-13.697347164784707,1.510128165488907
2002-04-15,-40.18866297819449,10.837672260425899,-13.560778524637264,1.438876960136158
2002-04-16,-41.91874829982705,11.978074057489664,-14.687289223028728,0.2703495401299454
2002-04-17,-41.38617762121401,12.191335522494358,-14.73031212607569,1.432351248774744
2002-04-18,-40.39562122105647,10.958735426911167,-13.603326678816462,-0.3919081533404045
2002-04-19,-41.6113403388427,9.85122176981056,-13.2240507038702,0.9264452377372447
2002-04-20,-42.431224466672916,8.795223920166324,-12.938496154140278,1.2258971795187485
2002-04-21,-43.461670863802375,9.934548086012928,-13.592118568698552,1.2756968949572989
2002-04-22,-43.451427437394635,12.363786585875975,-11.75628431089389,0.44519346347005473
2002-04-23,-43.54536989912002,14.147974352755178,-10.045884056135147,1.241442001616266
2002-04-24,-40.88504943136286,14.569637208239774,-9.043000505180885,1.3771430686209158
2002-04-25,-42.474111000921404,14.702119527931696,-9.035342659568705,1.0985009888515695
2002-04-26,-42.163081488691674,15.390233603947275,-6.914322900596643,0.6120141492843001
2002-04-27,-43.50129742062849,14.091641841203595,-7.066953050578907,0.4252868332856182
2002-04-28,-42.88372568772948,13.821853262643986,-6.267431377738477,-0.7287807164813599
2002-04-29,-41.84245951973989,13.71439880918951,-5.635778579435624,0.5270336983651448
2002-04-30,-41.463665338104654,14.380302614414825,-7.234372322584324,2.761607574170935
2002-05-01,-40.42033472788369,12.375126591361862,-6.353964471347049,3.32273499820687
2002-05-02,-40.681947255323855,11.313774795660372,-4.958554738286226,2.865956494778262
2002-05-03,-39.26658795424544,12.773969897758992,-5.670912569150983,2.9207942923052674
2002-05-04,-39.12594726438375,11.024161278627757,-6.489543736281087,2.556728700519205
2002-05-05,-39.33189068496155,11.063627684432976,-6.4395982079818594,1.22191380941522
2002-05-06,-38.330231680640125,11.64738243947208,-3.8989220512400182,1.4729537189089341
2002-05-07,-37.831244968725436,9.393252703516266,-5.027824685107538,0.5372948214283836
2002-05-08,-37.31275831266811,7.668065277998985,-5.407900168524588,0.04982098477094615
2002-05-09,-37.85130309820186,7.09923314067771,-5.643695111943405,-0.5425319565351276
2002-05-10,-38.45526029775908,8.091689393200857,-6.160291707769472,-0.17986190207539893
2002-05-11,-40.866820677037346,7.573330958622055,-6.957828366339419,-0.03642811673844237
2002-05-12,-41.93328633224695,5.1575214934293285,-7.411512108476479,0.8887902609807824
2002-05-13,-41.73170205956938,4.9680954238276565,-9.408345971635155,2.341848643805998
2002-05-14,-41.738311167738175,4.995854351835644,-9.264552243694908,3.5921117417549615
2002-05-15,-41.06826859600237,5.637178811321497,-11.044210480672405,3.619099196226699
2002-05-16,-41.334969623235835,5.637896009661935,-10.453209978248314,4.490726410544792
2002-05-17,-40.39890249934382,4.440483673601333,-11.979337373150953,4.999306315496883
2002-05-18,-38.48021150409485,3.8338076107355548,-14.847092570221454,5.72141239362371
2002-05-19,-38.627589299990795,4.009652332938219,-14.412507215104943,5.198858321926231
2002-05-20,-38.38309270321094,3.397895512296176,-12.881459578366496,4.0990691157224655
2002-05-21,-37.461828374023,2.977909501903537,-10.765561711349623,3.229413002133586
2002-05-22,-37.63997402665918,0.47054652983271517,-9.812834211780403,4.40614879739776
2002-05-23,-36.99502024450151,-0.052468445492733884,-9.460775952698791,3.4501548513309386
2002-05-24,-36.96797119595266,1.1143042767972422,-11.907747357031717,3.2421644813857604
2002-05-25,-38.4669030328873,1.4637224819717474,-9.637954823094068,2.215608904572203
2002-05-26,-38.60576952134499,1.3419141211034495,-9.35871094077827,3.209535690785485
2002-05-27,-36.89874724180316,0.7078708973138156,-8.914207579384332,2.9863139767575975
2002-05-28,-37.0167838372825,-0.8222829659435297,-8.968290149251798,2.171108686578018
2002-05-29,-38.47497050444614,-1.1908237829911672,-9.300568308900026,3.2779077649905366
2002-05-30,-39.52795737432992,-0.8519602580411815,-9.600148268502053,2.5554177371600266
2002-05-31,-41.299841736668895,-1.0980352987281359,-9.078004112111845,2.7434295872649845
2002-06-01,-41.474703673842505,-2.679437643725951,-5.9599332446733815,2.5074348035557374
2002-06-02,-40.236720489418786,-2.7023870608532348,-6.067960887969665,0.8897314343475642
2002-06-03,-39.41103125544532,-1.3455738327658684,-5.777566838325705,1.0588339181098754
2002-06-04,-39.50569679756622,-2.1679060887931696,-6.2076034607959425,-0.027722192076333307
2002-06-05,-38.24004739149771,-3.1012615362390563,-7.581556922062856,-0.6056704675786678
2002-06-06,-35.517103028436935,-5.073456990052104,-8.520004075289366,1.4591301156936618
2002-06-07,-33.57592962112623,-6.043388761229081,-7.2692443054339,1.5303225850273887
2002-06-08,-33.20041783949669,-6.666301783555266,-7.682015395781352,0.06941970755562021
2002-06-09,-32.45396807603953,-4.35172318875277,-9.118135811932932,-0.7070661468376341
2002-06-10,-31.786132120268903,-4.9934830204640495,-9.781357191731214,0.08315064387909077
2002-06-11,-31.934132510217502,-4.353009655386065,-11.224561495343892,0.6879529603056587
2002-06-12,-32.895737191330596,-4.108099408543099,-11.236405373942905,-0.1746225727503825
2002-06-13,-30.989166502129326,-3.3935978836601124,-11.525821064489435,1.2154753265124598
2002-06-14,-30.863856407383714,-3.270907224463831,-10.194675271647718,0.9169607290407384
2002-06-15,-29.830450772678784,-3.3707348073355834,-11.153170748366776,1.6609323643368916
2002-06-16,-30.49025388454044,-3.2671521874846876,-9.879168261537352,1.4534572094559297
2002-06-17,-30.983009228050218,-3.3861379273143304,-11.690234706378234,2.411920000422038
2002-06-18,-30.57102190325878,-2.734130277124768,-11.913553356864789,2.4278287729706496
2002-06-19,-29.07564906891326,-1.954747458082454,-11.822681418987857,0.7788597920425147
2002-06-20,-28.697779087149232,-1.512700850975009,-10.431971503540312,2.2471435979705054
2002-06-21,-27.95354425353442,-0.6110118382975528,-8.909332804544832,1.5083097291264802
2002-06-22,-28.398626794111944,-0.3414603649197377,-9.33861505279292,1.2122916445239496
2002-06-23,-29.73054607812111,-1.290704254390868,-8.814622987149425,1.3207797830628851
2002-06-24,-27.534260160693517,-0.5743052201796478,-7.5928455618801705,0.25890611954455744
2002-06-25,-26.657851164128722,-0.8770696374880292,-7.035857096263614,-0.4842236794332351
2002-06-26,-28.57651989213847,-1.4252959527573592,-5.752791224916684,-0.06805849390286928
2002-06-27,-28.97027754085883,-0.3871999475634271,-6.112827674899762,0.7862854240668795
2002-06-28,-29.671926854742136,1.55943321260683,-5.233000766532181,1.2062812677016685
2002-06-29,-30.731060763029294,1.5394072012418791,-4.194242181272315,0.8703560401203855
2002-06-30,-32.053894595110606,1.9827022283651794,-4.848141920624014,-0.916332998453982
2002-07-01,-32.49533227301234,0.279727311862916,-7.846275343666306,-0.16110115363954425
2002-07-02,-31.912671893018853,0.5913485277250865,-8.052658702314687,-0.6678185659941999
2002-07-03,-32.17608616215722,-1.2374664701562414,-8.027523157531007,-1.8991378298386774
2002-07-04,-32.45853639186544,-2.5608809178860126,-7.823588641125538,-2.766072157494701
2002-07-05,-32.759131581759,-2.063829413358613,-7.284188086348638,-3.1420073462526714
2002-07-06,-33.12663777038815,-1.7337992916647567,-7.7661085690330545,-1.2943370805566021
2002-07-07,-32.113158816259585,-1.884613820440523,-7.983538299283545,-0.9021511749059707
2002-07-08,-31.439235593802568,-3.067657610593564,-8.563811888483352,-1.379131489275814
2002-07-09,-31.010006138530642,-3.442305468227263,-7.623134291852914,-1.617227394860508
2002-07-10,-33.45813774791816,-3.649285824254264,-6.7524672098537915,-1.5943262283985984
2002-07-11,-33.0193832082481,-4.295991076242453,-6.936013151986933,-2.7176741424361976
2002-07-12,-32.350199170811,-4.484852518999084,-5.620490584509745,-2.142613376356228
2002-07-13,-32.449452161964906,-5.381806391458509,-6.529429458763818,-3.044497848761496
2002-07-14,-31.91123085986556,-5.724299595926199,-7.141427032181718,-2.9806710631568447
2002-07-15,-32.52444196545576,-5.822712415356352,-7.361233648120991,-2.3842040453500664
2002-07-16,-33.520809353539335,-6.913905049383764,-9.088039405854031,-1.8442071342434796
2002-07-17,-35.23119118055241,-6.367562624196093,-8.29439897445204,-2.699546281795075
2002-07-18,-34.43671621967943,-5.758048365674978,-8.978353067867,-3.3922922459778957
2002-07-19,-36.010203234808316,-3.8969427365319813,-7.842312930455796,-3.1880854755509156
2002-07-20,-37.07906123067397,-4.75152029068604,-7.963011380533111,-3.811504936660255
2002-07-21,-36.840273703178,-3.0119063228452734,-8.367867301433426,-1.644047129605513
2002-07-22,-36.68997512208062,-2.0170662010293126,-8.337467409099197,-0.10893017884462064
2002-07-23,-36.780563819067396,-1.7901289661908477,-8.696041580399273,0.13175146241456626
2002-07-24,-36.08060409696201,-2.0131571897246805,-6.634590631067375,0.8550298159075546
2002-07-25,-36.33526856141761,-0.7594955329909836,-5.70452048111645,2.3952855236707284
2002-07-26,-36.64634683837005,-0.7600454810508923,-3.9677787804898967,1.2768172917741198
2002-07-27,-36.2756743272928,0.11584079637997746,-2.421287092254415,0.7248495374350158
2002-07-28,-36.46626569468251,0.8159981448698703,-2.3102862271616846,-0.2867143554281527
2002-07-29,-36.62715244666581,3.5170628187713953,-2.1850293876708915,1.0703444474173796
2002-07-30,-37.38578603591632,2.2060147300611526,-3.6630522404106776,2.3339889203852495
2002-07-31,-40.903767899060846,2.7866190099630535,-3.731585458481683,2.584225109916251
2002-08-01,-41.63536805285921,2.2041066381755674,-4.776974025162234,3.208873584580167
2002-08-02,-41.17171501900375,1.9267677498420102,-3.301837168169139,1.924886104363822
2002-08-03,-41.63056995281104,2.0824424097571543,-2.5130501698545324,0.8456132567284909
2002-08-04,-42.26643496931765,-0.0064874430274506345,-2.565153005617895,-0.25772493490994286
2002-08-05,-41.772807462271984,0.2728498525216625,-1.710737914616888,-0.030310675377729107
2002-08-06,-43.247352912118494,0.8943650679692139,0.5985744117625571,-0.8694492489027554
2002-08-07,-43.11939632132953,0.7095608285751756,-0.48452589936670076,0.4150944555818965
2002-08-08,-40.52683021181676,1.1991659062853541,-2.36511075957545,0.8787008437613635
2002-08-09,-40.577325308274006,-0.3567787777910365,-2.245209522086632,3.1788379175583996
2002-08-10,-40.568054754826996,-0.4981091437396131,-2.310527311395081,5.285571325062673
2002-08-11,-39.5558307220124,-0.5642162868384087,-1.9990100110988447,5.096460538333775
2002-08-12,-38.836525831533315,-2.631647767074813,-2.7367504973294023,6.047191693297023
2002-08-13,-37.24603425635093,-3.759177100517042,-2.7460664300505537,6.489716748272104
2002-08-14,-36.765713303462746,-1.4901556523281525,-1.57803910113388,8.467938670823699
2002-08-15,-36.642929569395655,-1.489445712261447,-3.017609573969998,8.420074612900834
2002-08-16,-35.57574211627863,-2.6419641763832797,-3.380430703831129,8.134342741486398
2002-08-17,-35.40662046773734,-2.175631341630242,-4.2582925536655996,7.326764278868761
2002-08-18,-33.91176923846481,-2.0011523819849866,-3.9739688765819867,7.8271066877378175
2002-08-19,-33.293047053434755,-1.8957249291987943,-4.143514574573055,7.22653694913563
2002-08-20,-32.57735067065392,-3.7689542280584867,-3.9654370864485786,8.594397304285664
2002-08-21,-33.34643122561854,-1.4504440241307925,-3.1681034516840723,7.555275241609197
2002-08-22,-32.159994740698224,-1.3188864570342687,-2.715971101185653,8.179565337930262
2002-08-23,-30.4820659494068,0.14050623180280852,-1.5476753903489089,7.684733407858616
2002-08-24,-29.867103160264065,2.081215365400992,-2.240271694270139,6.488020127382587
2002-08-25,-30.944278958187816,0.6770325529778101,-2.064037668683856,5.178178148738551
2002-08-26,-31.53593473259698,0.43374233681267943,-0.4718218553810507,5.769069551141714
2002-08-27,-30.427796099707052,1.2703242887451007,-0.2555694541841283,5.6712010112838955
2002-08-28,-30.643937972266894,1.0326913654579573,-2.5201407772752606,7.259116667247942
2002-08-29,-30.26500049406303,3.5397117351857075,-4.4645917405113975,6.673414861315355
2002-08-30,-31.381891888512133,1.8661125055274048,-3.678015707942325,5.835482551990453
2002-08-31,-31.486111025103092,3.4948643284430276,-3.638190125846814,5.031707496039428
2002-09-01,-31.49806621883611,2.097581383028702,-4.514604091859389,3.7914747025628333
2002-09-02,-33.51047145445138,3.0597135517239673,-2.040464313024275,3.03888558193051
2002-09-03,-33.83114961426299,2.9668306133425264,-1.1329925262796297,2.605331736210265
2002-09-04,-32.94602046827278,1.0293551937169154,-2.228819070455387,0.7914623723034133
2002-09-05,-34.58601094788609,-0.01603210862038318,-1.2269399868215798,1.4851698578470849
2002-09-06,-33.76456293537943,-0.17990645828972082,-1.72443978960492,1.6857275351748764
2002-09-07,-33.77602237954658,0.2705352168317079,-1.0492838357738625,-0.48607925721547174
2002-09-08,-33.847659290799456,-0.8042768338385491,-0.8690787814027605,-0.24748543878357648
2002-09-09,-35.54851336051359,-0.13690357951097099,-2.2825703827617154,-0.13281703780231752
2002-09-10,-35.78245601101076,-1.1014892552504634,-1.7849855999420452,-0.05584512898632245
2002-09-11,-35.99696447149259,-1.052281102431173,-1.82328560231536,-0.2134051153744338
2002-09-12,-35.787253622165416,0.04070017743109089,-1.8821441273954296,-0.2855370088235525
2002-09-13,-34.50790709359529,0.05813833372948683,-1.208156626052971,0.48652814330698524
2002-09-14,-34.487755673462395,0.28325743333099496,-1.5793297874263748,0.6887360803565405
2002-09-15,-34.98281723723742,-0.01231890490097598,-1.1417053550678846,0.9485860267888445
2002-09-16,-34.564620140415975,0.763309046901472,0.16717650325725564,1.1244364430604867
2002-09-17,-34.17651691529521,0.8353423891224504,-0.16305728783801265,0.9484258724155348
2002-09-18,-33.323336682152515,1.6267078102328445,1.833490264916001,0.7969181872960133
2002-09-19,-31.157717951416604,1.9641451030028776,1.7602872154817737,-0.5368237291322245
2002-09-20,-31.915106750048523,3.4426823031858813,1.9277488497541964,-0.2852927354363914
2002-09-21,-31.914683068778018,1.4025729644107519,2.4924096627420558,-0.0296503526297916
2002-09-22,-33.151299867438745,2.04447959939418,3.553048881635124,-0.1394124644497497
2002-09-23,-32.68168993635756,0.7116309746287803,3.941844126552133,-2.9116191869504053
2002-09-24,-31.677523973801527,0.9556780984056366,4.575294012420126,-1.7604310177797553
2002-09-25,-31.457561640734532,0.34930253968276526,5.16300784744961,-1.637148053813387
2002-09-26,-31.89296068464703,0.9607738022115381,3.2680435488894384,-0.6292565191241601
